{"cameraMode":{"drawMode":2,"name":"Shaded Wireframe","section":"Shading Mode"},"sceneLighting":false,"audioPlay":false,"sceneViewState":{"m_AlwaysRefresh":false,"showFog":true,"showSkybox":false,"showFlares":true,"showImageEffects":true,"showParticleSystems":true,"showVisualEffectGraphs":true,"m_FxEnabled":true},"in2DMode":false,"pivot":{"x":-0.9996250867843628,"y":1.1750001907348633,"z":0.0007500015199184418},"rotation":{"x":0.06659721583127976,"y":0.1918448805809021,"z":-0.012588420882821083,"w":0.9793590307235718},"size":0.08722105622291565,"orthographic":false}