{"count":1,"self":316.5641984,"total":949.98782929999993,"children":{"AgentSendState":{"count":492384,"self":6.1189459999999993,"total":74.3175902,"children":{"CollectObservations":{"count":1575632,"self":7.7144064,"total":7.7144064,"children":null},"CollectDiscreteActionMasks":{"count":1575632,"self":0.3353657,"total":0.3353657,"children":null},"AgentInfo.ToProto":{"count":1575632,"self":2.3920892,"total":60.1488722,"children":{"GenerateSensorData":{"count":1575632,"self":12.3209736,"total":57.7567829,"children":{"RayPerceptionSensor.Perceive":{"count":1575632,"self":45.435807999999994,"total":45.4358091,"children":null}}}}}}},"DecideAction":{"count":492384,"self":553.35741439999993,"total":553.3574249,"children":null},"AgentAct":{"count":492384,"self":5.5322564,"total":5.6187384,"children":{"AgentInfo.ToProto":{"count":1476,"self":0.0060113,"total":0.0864819,"children":{"GenerateSensorData":{"count":1476,"self":0.020011499999999998,"total":0.0804706,"children":{"RayPerceptionSensor.Perceive":{"count":1476,"self":0.060459099999999995,"total":0.060459099999999995,"children":null}}}}}}},"AgentInfo.ToProto":{"count":1920,"self":0.0040003999999999994,"total":0.1288838,"children":{"GenerateSensorData":{"count":1920,"self":0.027365499999999997,"total":0.12488339999999999,"children":{"RayPerceptionSensor.Perceive":{"count":1920,"self":0.097517899999999991,"total":0.097517899999999991,"children":null}}}}}},"gauges":{"RobotArm.CumulativeReward":{"count":3396,"max":1,"min":0,"runningAverage":0.565371454,"value":1,"weightedAverage":0.689511061}},"metadata":{"timer_format_version":"0.1.0","start_time_seconds":"1638634579","unity_version":"2020.3.21f1","command_line_arguments":"C:\\Users\\user\\Unity\\2020.3.21f1\\Editor\\Unity.exe -projectpath C:\/Users\/user\/Unity\/RobotAgent -useHub -hubIPC -cloudEnvironment production -hubSessionId 92c2bc50-54f1-11ec-bed0-a3d654aeeb64 -accessToken TLubGgSfRhNC1Nl0TFne2nsm62OBn0_VCyQoJzojj4c00df","communication_protocol_version":"1.0.0","com.unity.ml-agents_version":"1.0.8","scene_name":"RobotArm","end_time_seconds":"1638635529"}}